period_date,period_year,period_month,month_name,quarter,sg_trade_season,cpi_index,cpi_yoy_pct,cpi_mom_pct,usd_sgd,cny_sgd,usd_cny_ratio,imports_sgd_bn,exports_sgd_bn,trade_balance_sgd_bn,ge_usd_budget_m,mindray_cny_budget_m
1999-01-01,1999,1,January,Q1,Year End / Q1,62.9,-0.0092,0.00131,1.6781,0.2027,8.28,12.99,5.96,-7.03,29.8,247.0
1999-02-01,1999,2,February,Q1,Year End / Q1,63.0,-0.0073,0.00078,1.7005,0.2054,8.28,12.0,5.41,-6.59,29.4,243.0
1999-03-01,1999,3,March,Q1,Asia Dry Season,62.8,-0.0052,-0.00191,1.7294,0.2089,8.28,15.24,6.87,-8.37,28.9,239.0
1999-04-01,1999,4,April,Q2,Asia Dry Season,63.0,-0.0032,0.00163,1.7134,0.207,8.28,15.25,6.77,-8.49,29.2,242.0
1999-05-01,1999,5,May,Q2,Asia Dry Season,63.1,0.0014,0.00144,1.7123,0.2068,8.28,15.01,6.73,-8.28,29.2,242.0
1999-06-01,1999,6,June,Q2,Monsoon Season,63.1,0.0013,-0.00063,1.7121,0.2068,8.28,15.74,7.01,-8.73,29.2,242.0
1999-07-01,1999,7,July,Q3,Monsoon Season,63.2,0.0016,0.00088,1.6965,0.2049,8.28,16.7,6.97,-9.73,29.5,244.0
1999-08-01,1999,8,August,Q3,Monsoon Season,63.2,0.0037,0.00039,1.6797,0.2029,8.28,16.51,6.96,-9.55,29.8,246.0
1999-09-01,1999,9,September,Q3,Monsoon Season,63.2,0.0043,-0.00024,1.6959,0.2049,8.28,16.44,7.62,-8.83,29.5,244.0
1999-10-01,1999,10,October,Q4,Year End / Q1,63.1,0.0051,-0.00047,1.6765,0.2025,8.28,16.96,7.64,-9.32,29.8,247.0
1999-11-01,1999,11,November,Q4,Year End / Q1,63.2,0.0036,0.00046,1.6704,0.2018,8.28,17.37,7.79,-9.58,29.9,248.0
1999-12-01,1999,12,December,Q4,Year End / Q1,63.2,0.0068,0.00062,1.6746,0.2023,8.28,17.93,7.99,-9.94,29.9,247.0
2000-01-01,2000,1,January,Q1,Year End / Q1,63.5,0.0091,0.00279,1.6733,0.2021,8.28,15.86,6.21,-9.65,29.9,247.0
2000-02-01,2000,2,February,Q1,Year End / Q1,63.8,0.0127,0.00302,1.7005,0.2054,8.28,15.56,6.46,-9.1,29.4,243.0
2000-03-01,2000,3,March,Q1,Asia Dry Season,63.6,0.0123,-0.00218,1.7152,0.2072,8.28,18.7,7.98,-10.72,29.2,241.0
2000-04-01,2000,4,April,Q2,Asia Dry Season,63.7,0.0111,0.00091,1.7097,0.2065,8.28,17.56,6.73,-10.83,29.2,242.0
2000-05-01,2000,5,May,Q2,Asia Dry Season,63.5,0.0052,-0.00229,1.7281,0.2088,8.28,18.67,7.6,-11.07,28.9,239.0
2000-06-01,2000,6,June,Q2,Monsoon Season,63.6,0.0078,0.00103,1.7278,0.2087,8.28,20.28,7.59,-12.69,28.9,240.0
2000-07-01,2000,7,July,Q3,Monsoon Season,63.9,0.0115,0.00325,1.7403,0.2102,8.28,19.87,7.99,-11.88,28.7,238.0
2000-08-01,2000,8,August,Q3,Monsoon Season,64.2,0.0162,0.00337,1.7201,0.2077,8.28,20.92,8.78,-12.14,29.1,241.0
2000-09-01,2000,9,September,Q3,Monsoon Season,64.2,0.0169,0.00015,1.738,0.2099,8.28,21.33,8.38,-12.95,28.8,238.0
2000-10-01,2000,10,October,Q4,Year End / Q1,64.3,0.0184,0.00049,1.7513,0.2115,8.28,21.4,8.79,-12.61,28.6,236.0
2000-11-01,2000,11,November,Q4,Year End / Q1,64.4,0.0199,0.00142,1.7468,0.211,8.28,21.04,8.35,-12.7,28.6,237.0
2000-12-01,2000,12,December,Q4,Year End / Q1,64.5,0.0206,0.00108,1.7364,0.2098,8.28,20.98,7.33,-13.66,28.8,238.0
2001-01-01,2001,1,January,Q1,Year End / Q1,64.8,0.0199,0.00239,1.7365,0.2098,8.28,17.61,6.75,-10.86,28.8,238.0
2001-02-01,2001,2,February,Q1,Year End / Q1,64.7,0.0131,-0.00123,1.7431,0.2106,8.28,17.95,6.66,-11.3,28.7,237.0
2001-03-01,2001,3,March,Q1,Asia Dry Season,64.8,0.0184,0.00116,1.7708,0.2139,8.28,19.12,7.85,-11.27,28.2,234.0
2001-04-01,2001,4,April,Q2,Asia Dry Season,65.0,0.0198,0.00177,1.8115,0.2189,8.28,17.49,6.64,-10.85,27.6,228.0
2001-05-01,2001,5,May,Q2,Asia Dry Season,64.7,0.0193,-0.00262,1.8135,0.2191,8.28,17.13,6.95,-10.18,27.6,228.0
2001-06-01,2001,6,June,Q2,Monsoon Season,64.3,0.0121,-0.00354,1.8157,0.2194,8.28,17.51,6.26,-11.25,27.5,228.0
2001-07-01,2001,7,July,Q3,Monsoon Season,64.7,0.013,0.00386,1.8237,0.2203,8.28,17.42,5.86,-11.56,27.4,227.0
2001-08-01,2001,8,August,Q3,Monsoon Season,64.7,0.0071,-0.00038,1.7618,0.2129,8.28,17.27,5.96,-11.31,28.4,235.0
2001-09-01,2001,9,September,Q3,Monsoon Season,64.6,0.0054,-0.0009,1.7484,0.2112,8.28,16.03,5.64,-10.39,28.6,237.0
2001-10-01,2001,10,October,Q4,Year End / Q1,64.4,0.0022,-0.00162,1.8089,0.2186,8.27,18.07,6.71,-11.37,27.6,229.0
2001-11-01,2001,11,November,Q4,Year End / Q1,64.3,-0.0022,-0.00136,1.8294,0.221,8.28,16.57,6.41,-10.16,27.3,226.0
2001-12-01,2001,12,December,Q4,Year End / Q1,64.2,-0.0059,-0.00133,1.8374,0.222,8.28,15.52,6.18,-9.35,27.2,225.0
2002-01-01,2002,1,January,Q1,Year End / Q1,64.1,-0.011,-0.00094,1.8388,0.2222,8.28,15.91,6.42,-9.49,27.2,225.0
2002-02-01,2002,2,February,Q1,Year End / Q1,64.3,-0.0062,0.0019,1.8314,0.2213,8.28,14.82,5.02,-9.8,27.3,226.0
2002-03-01,2002,3,March,Q1,Asia Dry Season,64.2,-0.0089,-0.00061,1.8287,0.2209,8.28,17.55,6.31,-11.24,27.3,226.0
2002-04-01,2002,4,April,Q2,Asia Dry Season,64.3,-0.0105,0.00069,1.829,0.221,8.28,18.18,6.94,-11.24,27.3,226.0
2002-05-01,2002,5,May,Q2,Asia Dry Season,64.5,-0.0034,0.002,1.7997,0.2174,8.28,17.49,6.23,-11.26,27.8,230.0
2002-06-01,2002,6,June,Q2,Monsoon Season,64.4,0.0014,-0.0004,1.7832,0.2154,8.28,18.29,6.01,-12.28,28.0,232.0
2002-07-01,2002,7,July,Q3,Monsoon Season,64.4,-0.0042,0.00021,1.7523,0.2117,8.28,18.67,6.81,-11.86,28.5,236.0
2002-08-01,2002,8,August,Q3,Monsoon Season,64.4,-0.0044,-0.00047,1.7548,0.212,8.28,18.22,6.82,-11.4,28.5,236.0
2002-09-01,2002,9,September,Q3,Monsoon Season,64.3,-0.0042,-0.0008,1.7655,0.2133,8.28,17.05,6.49,-10.56,28.3,234.0
2002-10-01,2002,10,October,Q4,Year End / Q1,64.3,-0.002,-0.00018,1.7858,0.2158,8.28,18.92,6.94,-11.97,28.0,232.0
2002-11-01,2002,11,November,Q4,Year End / Q1,64.4,0.0023,0.00143,1.765,0.2132,8.28,17.69,7.7,-9.99,28.3,235.0
2002-12-01,2002,12,December,Q4,Year End / Q1,64.4,0.0044,-3e-05,1.7528,0.2118,8.28,17.02,6.29,-10.73,28.5,236.0
2003-01-01,2003,1,January,Q1,Year End / Q1,64.6,0.0087,0.00186,1.7355,0.2097,8.28,18.54,8.09,-10.45,28.8,238.0
2003-02-01,2003,2,February,Q1,Year End / Q1,64.5,0.0039,-0.00118,1.7455,0.2109,8.28,17.16,6.63,-10.53,28.6,237.0
2003-03-01,2003,3,March,Q1,Asia Dry Season,64.7,0.0077,0.00179,1.7527,0.2118,8.28,20.44,7.96,-12.48,28.5,236.0
2003-04-01,2003,4,April,Q2,Asia Dry Season,64.8,0.0086,0.00132,1.7765,0.2146,8.28,19.33,7.59,-11.74,28.1,233.0
2003-05-01,2003,5,May,Q2,Asia Dry Season,64.4,-0.0009,-0.00411,1.7341,0.2095,8.28,18.14,7.46,-10.67,28.8,239.0
2003-06-01,2003,6,June,Q2,Monsoon Season,64.2,-0.0032,-0.00192,1.7342,0.2095,8.28,19.77,7.78,-12.0,28.8,239.0
2003-07-01,2003,7,July,Q3,Monsoon Season,64.6,0.0027,0.00401,1.7552,0.2121,8.28,19.83,7.98,-11.86,28.5,236.0
2003-08-01,2003,8,August,Q3,Monsoon Season,64.7,0.0046,0.00076,1.7535,0.2118,8.28,19.53,7.4,-12.14,28.5,236.0
2003-09-01,2003,9,September,Q3,Monsoon Season,64.8,0.0069,0.00068,1.7462,0.211,8.28,20.63,8.81,-11.82,28.6,237.0
2003-10-01,2003,10,October,Q4,Year End / Q1,64.7,0.0065,-0.00045,1.7332,0.2094,8.28,22.25,8.92,-13.33,28.8,239.0
2003-11-01,2003,11,November,Q4,Year End / Q1,64.8,0.0056,0.00088,1.7289,0.2089,8.28,20.08,8.08,-12.0,28.9,239.0
2003-12-01,2003,12,December,Q4,Year End / Q1,64.9,0.0075,0.00117,1.7107,0.2067,8.28,22.37,8.55,-13.82,29.2,242.0
2004-01-01,2004,1,January,Q1,Year End / Q1,65.1,0.0067,0.00141,1.6987,0.2052,8.28,21.04,8.06,-12.97,29.4,244.0
2004-02-01,2004,2,February,Q1,Year End / Q1,65.8,0.0202,0.00749,1.6861,0.2037,8.28,20.34,8.03,-12.31,29.7,245.0
2004-03-01,2004,3,March,Q1,Asia Dry Season,65.3,0.0099,-0.00484,1.6997,0.2054,8.28,25.21,9.12,-16.09,29.4,243.0
2004-04-01,2004,4,April,Q2,Asia Dry Season,65.8,0.0146,0.0044,1.684,0.2035,8.28,24.1,8.48,-15.62,29.7,246.0
2004-05-01,2004,5,May,Q2,Asia Dry Season,65.9,0.0236,0.00158,1.7101,0.2066,8.28,24.47,8.95,-15.52,29.2,242.0
2004-06-01,2004,6,June,Q2,Monsoon Season,65.4,0.0186,-0.00515,1.7123,0.2069,8.28,24.85,9.16,-15.68,29.2,242.0
2004-07-01,2004,7,July,Q3,Monsoon Season,65.9,0.0204,0.00525,1.712,0.2069,8.27,26.65,9.29,-17.36,29.2,242.0
2004-08-01,2004,8,August,Q3,Monsoon Season,65.9,0.0179,-0.00085,1.7144,0.2071,8.28,25.38,9.42,-15.96,29.2,241.0
2004-09-01,2004,9,September,Q3,Monsoon Season,66.0,0.0189,0.00135,1.696,0.2049,8.28,25.52,10.11,-15.41,29.5,244.0
2004-10-01,2004,10,October,Q4,Year End / Q1,66.0,0.0192,-0.00024,1.6778,0.2027,8.28,26.44,9.94,-16.5,29.8,247.0
2004-11-01,2004,11,November,Q4,Year End / Q1,65.9,0.0176,-0.00019,1.651,0.1995,8.28,24.89,9.4,-15.5,30.3,251.0
2004-12-01,2004,12,December,Q4,Year End / Q1,65.8,0.0131,-0.0017,1.6415,0.1983,8.28,25.3,9.33,-15.97,30.5,252.0
2005-01-01,2005,1,January,Q1,Year End / Q1,65.3,0.0039,-0.00455,1.6381,0.1979,8.28,24.95,8.74,-16.21,30.5,253.0
2005-02-01,2005,2,February,Q1,Year End / Q1,65.8,-0.0002,0.00481,1.638,0.1979,8.28,21.4,8.56,-12.85,30.5,253.0
2005-03-01,2005,3,March,Q1,Asia Dry Season,65.6,0.0043,-0.00193,1.6308,0.197,8.28,28.18,9.79,-18.39,30.7,254.0
2005-04-01,2005,4,April,Q2,Asia Dry Season,66.0,0.0037,0.00405,1.6532,0.1998,8.27,26.66,9.18,-17.48,30.2,250.0
2005-05-01,2005,5,May,Q2,Asia Dry Season,65.9,-0.0003,-0.00103,1.6512,0.1995,8.28,26.2,8.47,-17.73,30.3,251.0
2005-06-01,2005,6,June,Q2,Monsoon Season,65.3,-0.0016,-0.00602,1.6716,0.202,8.28,28.0,9.14,-18.87,29.9,248.0
2005-07-01,2005,7,July,Q3,Monsoon Season,66.0,0.0008,0.00684,1.6838,0.2046,8.23,27.94,9.76,-18.18,29.7,244.0
2005-08-01,2005,8,August,Q3,Monsoon Season,66.3,0.0068,0.00312,1.6625,0.2052,8.1,29.64,10.25,-19.39,30.1,244.0
2005-09-01,2005,9,September,Q3,Monsoon Season,66.4,0.0062,0.00093,1.6808,0.2081,8.08,29.31,10.04,-19.28,29.7,240.0
2005-10-01,2005,10,October,Q4,Year End / Q1,66.7,0.0107,0.00271,1.6908,0.2094,8.07,32.08,10.96,-21.11,29.6,239.0
2005-11-01,2005,11,November,Q4,Year End / Q1,66.6,0.0097,-0.00081,1.6986,0.2103,8.08,29.18,10.79,-18.39,29.4,238.0
2005-12-01,2005,12,December,Q4,Year End / Q1,66.6,0.0127,0.00022,1.6752,0.2075,8.07,30.77,12.73,-18.04,29.8,241.0
2006-01-01,2006,1,January,Q1,Year End / Q1,66.5,0.0174,-0.00154,1.633,0.2025,8.06,27.38,10.65,-16.72,30.6,247.0
2006-02-01,2006,2,February,Q1,Year End / Q1,66.6,0.0119,0.00132,1.6294,0.2024,8.05,29.94,9.95,-19.99,30.7,247.0
2006-03-01,2006,3,March,Q1,Asia Dry Season,66.4,0.0116,-0.00221,1.6217,0.2019,8.03,31.52,11.17,-20.35,30.8,248.0
2006-04-01,2006,4,April,Q2,Asia Dry Season,66.7,0.0108,0.00362,1.6014,0.1998,8.02,29.33,10.29,-19.03,31.2,250.0
2006-05-01,2006,5,May,Q2,Asia Dry Season,66.6,0.0109,-0.00099,1.5773,0.1969,8.01,32.63,10.04,-22.59,31.7,254.0
2006-06-01,2006,6,June,Q2,Monsoon Season,66.2,0.0138,-0.0042,1.5905,0.1985,8.01,33.78,10.52,-23.26,31.4,252.0
2006-07-01,2006,7,July,Q3,Monsoon Season,66.7,0.0109,0.00501,1.5833,0.1982,7.99,33.16,10.17,-22.98,31.6,252.0
2006-08-01,2006,8,August,Q3,Monsoon Season,66.7,0.0067,0.00037,1.5757,0.1977,7.97,34.16,10.23,-23.93,31.7,253.0
2006-09-01,2006,9,September,Q3,Monsoon Season,66.7,0.0044,-0.00058,1.5789,0.199,7.93,32.82,10.73,-22.09,31.7,251.0
2006-10-01,2006,10,October,Q4,Year End / Q1,67.0,0.0042,0.00261,1.5788,0.1998,7.9,31.07,11.14,-19.93,31.7,250.0
2006-11-01,2006,11,November,Q4,Year End / Q1,67.0,0.0055,0.0,1.5567,0.1979,7.87,31.96,11.53,-20.43,32.1,253.0
2006-12-01,2006,12,December,Q4,Year End / Q1,67.2,0.0081,0.002,1.5405,0.1969,7.82,33.12,10.44,-22.68,32.5,254.0
2007-01-01,2007,1,January,Q1,Year End / Q1,66.1,-0.0058,-0.01078,1.5379,0.1974,7.79,30.76,11.36,-19.41,32.5,253.0
2007-02-01,2007,2,February,Q1,Year End / Q1,66.6,-0.0003,0.00494,1.534,0.1979,7.75,27.85,8.9,-18.95,32.6,253.0
2007-03-01,2007,3,March,Q1,Asia Dry Season,66.5,0.0024,-0.00043,1.5249,0.197,7.74,32.64,11.37,-21.27,32.8,254.0
2007-04-01,2007,4,April,Q2,Asia Dry Season,67.0,0.0046,0.00512,1.5149,0.1961,7.73,31.95,9.72,-22.22,33.0,255.0
2007-05-01,2007,5,May,Q2,Asia Dry Season,67.5,0.0127,0.00437,1.5222,0.1983,7.68,32.34,10.16,-22.18,32.8,252.0
2007-06-01,2007,6,June,Q2,Monsoon Season,67.3,0.0171,-0.00132,1.5365,0.2013,7.63,34.08,10.4,-23.68,32.5,248.0
2007-07-01,2007,7,July,Q3,Monsoon Season,68.7,0.0298,0.01355,1.5161,0.2001,7.58,34.15,10.67,-23.48,33.0,250.0
2007-08-01,2007,8,August,Q3,Monsoon Season,69.1,0.0345,0.00356,1.5236,0.2011,7.58,33.72,11.28,-22.45,32.8,249.0
2007-09-01,2007,9,September,Q3,Monsoon Season,68.7,0.0301,-0.00355,1.5126,0.2011,7.52,32.81,10.81,-22.0,33.1,249.0
2007-10-01,2007,10,October,Q4,Year End / Q1,69.7,0.0406,0.00975,1.4666,0.1955,7.5,37.11,11.67,-25.44,34.1,256.0
2007-11-01,2007,11,November,Q4,Year End / Q1,70.2,0.0486,0.00533,1.4471,0.195,7.42,36.05,10.66,-25.39,34.6,256.0
2007-12-01,2007,12,December,Q4,Year End / Q1,69.7,0.0384,-0.00477,1.4489,0.1966,7.37,34.94,9.55,-25.38,34.5,254.0
2008-01-01,2008,1,January,Q1,Year End / Q1,70.5,0.0664,0.00733,1.4315,0.1977,7.24,38.68,11.07,-27.61,34.9,253.0
2008-02-01,2008,2,February,Q1,Year End / Q1,70.9,0.0657,0.00477,1.4108,0.1969,7.17,33.41,9.26,-24.15,35.4,254.0
2008-03-01,2008,3,March,Q1,Asia Dry Season,71.0,0.0673,0.00063,1.3855,0.1958,7.08,38.65,10.36,-28.29,36.1,255.0
2008-04-01,2008,4,April,Q2,Asia Dry Season,72.1,0.0758,0.01117,1.3644,0.1949,7.0,40.56,9.72,-30.84,36.6,257.0
2008-05-01,2008,5,May,Q2,Asia Dry Season,72.6,0.0754,0.00444,1.3665,0.196,6.97,38.62,8.53,-30.09,36.6,255.0
2008-06-01,2008,6,June,Q2,Monsoon Season,72.4,0.0756,-0.00133,1.3676,0.1982,6.9,40.69,8.86,-31.83,36.6,252.0
2008-07-01,2008,7,July,Q3,Monsoon Season,73.2,0.0658,0.0079,1.3588,0.1987,6.84,43.37,9.36,-34.01,36.8,252.0
2008-08-01,2008,8,August,Q3,Monsoon Season,73.5,0.0644,0.00279,1.4029,0.2047,6.85,38.93,9.15,-29.78,35.6,244.0
2008-09-01,2008,9,September,Q3,Monsoon Season,73.3,0.0676,-0.00157,1.4287,0.209,6.84,41.58,9.52,-32.07,35.0,239.0
2008-10-01,2008,10,October,Q4,Year End / Q1,74.2,0.0643,0.0081,1.4763,0.216,6.83,38.96,9.29,-29.67,33.9,231.0
2008-11-01,2008,11,November,Q4,Year End / Q1,74.1,0.0555,-0.0005,1.5067,0.2206,6.83,32.86,8.65,-24.2,33.2,227.0
2008-12-01,2008,12,December,Q4,Year End / Q1,73.5,0.0535,-0.00641,1.4778,0.2156,6.85,29.16,7.06,-22.1,33.8,232.0
2009-01-01,2009,1,January,Q1,Year End / Q1,73.5,0.0426,4e-05,1.488,0.2177,6.84,25.73,7.38,-18.35,33.6,230.0
2009-02-01,2009,2,February,Q1,Year End / Q1,73.2,0.0323,-0.00234,1.5178,0.222,6.84,26.49,6.52,-19.97,32.9,225.0
2009-03-01,2009,3,March,Q1,Asia Dry Season,72.8,0.0255,-0.00415,1.5303,0.2239,6.83,27.73,8.3,-19.43,32.7,223.0
2009-04-01,2009,4,April,Q2,Asia Dry Season,72.3,0.0031,-0.0047,1.5045,0.2203,6.83,27.87,8.16,-19.7,33.2,227.0
2009-05-01,2009,5,May,Q2,Asia Dry Season,72.7,0.0023,0.00385,1.4616,0.2142,6.82,27.82,7.7,-20.11,34.2,233.0
2009-06-01,2009,6,June,Q2,Monsoon Season,72.4,-0.0002,-0.00319,1.4523,0.2125,6.83,29.8,8.03,-21.77,34.4,235.0
2009-07-01,2009,7,July,Q3,Monsoon Season,73.0,-0.0026,0.00619,1.4501,0.2122,6.83,31.67,8.91,-22.76,34.5,236.0
2009-08-01,2009,8,August,Q3,Monsoon Season,73.3,-0.0028,0.00261,1.4421,0.2111,6.83,30.16,8.74,-21.42,34.7,237.0
2009-09-01,2009,9,September,Q3,Monsoon Season,73.0,-0.0042,-0.00256,1.4243,0.2086,6.83,33.24,8.91,-24.34,35.1,240.0
2009-10-01,2009,10,October,Q4,Year End / Q1,73.5,-0.0091,0.00439,1.398,0.2048,6.83,32.57,8.92,-23.65,35.8,244.0
2009-11-01,2009,11,November,Q4,Year End / Q1,73.5,-0.0079,0.00041,1.3891,0.2035,6.83,31.42,9.31,-22.1,36.0,246.0
2009-12-01,2009,12,December,Q4,Year End / Q1,73.1,-0.0053,-0.00443,1.3961,0.2045,6.83,33.89,9.18,-24.7,35.8,244.0
2010-01-01,2010,1,January,Q1,Year End / Q1,73.6,0.0021,0.00545,1.3961,0.2045,6.83,33.29,8.45,-24.84,35.8,244.0
2010-02-01,2010,2,February,Q1,Year End / Q1,73.9,0.0096,0.00314,1.4124,0.2068,6.83,30.9,8.48,-22.43,35.4,242.0
2010-03-01,2010,3,March,Q1,Asia Dry Season,74.0,0.0161,0.00057,1.4002,0.2051,6.83,36.36,10.23,-26.13,35.7,244.0
2010-04-01,2010,4,April,Q2,Asia Dry Season,74.7,0.0321,0.00677,1.3818,0.2024,6.83,36.72,10.5,-26.22,36.2,247.0
2010-05-01,2010,5,May,Q2,Asia Dry Season,75.1,0.0325,0.00429,1.3931,0.204,6.83,33.51,9.41,-24.1,35.9,245.0
2010-06-01,2010,6,June,Q2,Monsoon Season,74.4,0.0272,-0.00716,1.3984,0.205,6.82,37.67,10.37,-27.31,35.8,244.0
2010-07-01,2010,7,July,Q3,Monsoon Season,75.3,0.0315,0.00952,1.378,0.2033,6.78,38.51,9.73,-28.78,36.3,246.0
2010-08-01,2010,8,August,Q3,Monsoon Season,75.7,0.0326,0.00348,1.3561,0.1998,6.79,36.21,11.47,-24.74,36.9,250.0
2010-09-01,2010,9,September,Q3,Monsoon Season,75.7,0.0368,0.00043,1.3359,0.1981,6.74,35.56,11.2,-24.37,37.4,252.0
2010-10-01,2010,10,October,Q4,Year End / Q1,76.1,0.0352,0.0034,1.3046,0.1956,6.67,35.67,12.05,-23.63,38.3,256.0
2010-11-01,2010,11,November,Q4,Year End / Q1,76.3,0.0381,0.00252,1.2983,0.1951,6.65,35.8,9.83,-25.97,38.5,256.0
2010-12-01,2010,12,December,Q4,Year End / Q1,76.4,0.0459,0.00115,1.3072,0.1966,6.65,36.12,9.71,-26.41,38.2,254.0
2011-01-01,2011,1,January,Q1,Year End / Q1,77.7,0.0551,0.01247,1.2879,0.1952,6.6,37.58,10.01,-27.58,38.8,256.0
2011-02-01,2011,2,February,Q1,Year End / Q1,77.6,0.0499,-0.00056,1.2774,0.1942,6.58,32.13,8.99,-23.14,39.1,257.0
2011-03-01,2011,3,March,Q1,Asia Dry Season,77.7,0.0505,0.00104,1.2689,0.1932,6.57,43.06,11.27,-31.79,39.4,259.0
2011-04-01,2011,4,April,Q2,Asia Dry Season,78.0,0.0446,0.0027,1.248,0.1911,6.53,38.52,9.88,-28.64,40.1,262.0
2011-05-01,2011,5,May,Q2,Asia Dry Season,78.5,0.0449,0.0047,1.2374,0.1905,6.5,39.76,9.74,-30.02,40.4,262.0
2011-06-01,2011,6,June,Q2,Monsoon Season,78.3,0.0524,-0.00185,1.2347,0.1907,6.47,39.19,9.91,-29.27,40.5,262.0
2011-07-01,2011,7,July,Q3,Monsoon Season,79.4,0.0545,0.01156,1.2172,0.1885,6.46,37.26,9.62,-27.65,41.1,265.0
2011-08-01,2011,8,August,Q3,Monsoon Season,80.0,0.0572,0.00572,1.2088,0.1887,6.41,42.21,11.68,-30.53,41.4,265.0
2011-09-01,2011,9,September,Q3,Monsoon Season,79.9,0.0546,-0.00149,1.2506,0.1957,6.39,38.91,10.02,-28.89,40.0,255.0
2011-10-01,2011,10,October,Q4,Year End / Q1,80.2,0.0542,0.00327,1.2792,0.2008,6.37,39.59,9.47,-30.13,39.1,249.0
2011-11-01,2011,11,November,Q4,Year End / Q1,80.6,0.0566,0.00447,1.2896,0.2029,6.36,41.87,9.67,-32.2,38.8,246.0
2011-12-01,2011,12,December,Q4,Year End / Q1,80.7,0.0554,0.00033,1.2957,0.204,6.35,38.21,10.7,-27.51,38.6,245.0
2012-01-01,2012,1,January,Q1,Year End / Q1,81.4,0.0481,0.00749,1.2805,0.2028,6.31,40.27,9.42,-30.85,39.0,247.0
2012-02-01,2012,2,February,Q1,Year End / Q1,81.2,0.046,-0.00222,1.2537,0.199,6.3,40.22,11.82,-28.4,39.9,251.0
2012-03-01,2012,3,March,Q1,Asia Dry Season,81.8,0.0525,0.00616,1.2584,0.1993,6.31,43.7,10.27,-33.43,39.7,251.0
2012-04-01,2012,4,April,Q2,Asia Dry Season,82.2,0.0545,0.00439,1.2515,0.1985,6.3,39.69,9.44,-30.24,40.0,252.0
2012-05-01,2012,5,May,Q2,Asia Dry Season,82.4,0.0504,0.00173,1.2625,0.1996,6.33,42.81,9.56,-33.25,39.6,251.0
2012-06-01,2012,6,June,Q2,Monsoon Season,82.4,0.053,5e-05,1.2783,0.2009,6.36,41.64,10.44,-31.2,39.1,249.0
2012-07-01,2012,7,July,Q3,Monsoon Season,82.6,0.04,0.00191,1.2618,0.198,6.37,38.99,9.94,-29.06,39.6,253.0
2012-08-01,2012,8,August,Q3,Monsoon Season,83.1,0.039,0.00514,1.2485,0.1963,6.36,38.63,9.7,-28.93,40.0,255.0
2012-09-01,2012,9,September,Q3,Monsoon Season,83.6,0.0469,0.00476,1.2318,0.1948,6.32,37.88,9.25,-28.63,40.6,257.0
2012-10-01,2012,10,October,Q4,Year End / Q1,83.4,0.0405,-0.0017,1.2247,0.1955,6.26,41.03,10.08,-30.95,40.8,256.0
2012-11-01,2012,11,November,Q4,Year End / Q1,83.5,0.0361,0.00106,1.2234,0.1963,6.23,40.08,9.24,-30.84,40.9,255.0
2012-12-01,2012,12,December,Q4,Year End / Q1,84.2,0.0432,0.00611,1.221,0.1959,6.23,37.26,8.34,-28.92,41.0,255.0
2013-01-01,2013,1,January,Q1,Year End / Q1,84.3,0.0357,0.00164,1.2285,0.1975,6.22,40.56,8.82,-31.75,40.7,253.0
2013-02-01,2013,2,February,Q1,Year End / Q1,85.2,0.0489,0.00847,1.2381,0.1986,6.23,35.36,6.94,-28.42,40.4,252.0
2013-03-01,2013,3,March,Q1,Asia Dry Season,84.7,0.0354,-0.00459,1.2466,0.2005,6.22,38.09,9.43,-28.66,40.1,249.0
2013-04-01,2013,4,April,Q2,Asia Dry Season,83.4,0.0146,-0.01255,1.238,0.2001,6.19,42.06,9.02,-33.04,40.4,250.0
2013-05-01,2013,5,May,Q2,Asia Dry Season,83.7,0.0161,0.00298,1.2481,0.2033,6.14,41.98,9.17,-32.81,40.1,246.0
2013-06-01,2013,6,June,Q2,Monsoon Season,83.9,0.0181,0.00171,1.2606,0.2055,6.13,39.24,8.47,-30.77,39.7,243.0
2013-07-01,2013,7,July,Q3,Monsoon Season,84.2,0.0186,0.00234,1.268,0.2067,6.13,43.65,9.34,-34.31,39.4,242.0
2013-08-01,2013,8,August,Q3,Monsoon Season,84.8,0.0205,0.00678,1.2737,0.2081,6.12,40.48,8.48,-32.0,39.3,240.0
2013-09-01,2013,9,September,Q3,Monsoon Season,85.0,0.0161,0.00125,1.2635,0.2065,6.12,41.62,8.58,-33.04,39.6,242.0
2013-10-01,2013,10,October,Q4,Year End / Q1,85.1,0.0198,0.00134,1.2443,0.2039,6.1,44.87,8.79,-36.08,40.2,245.0
2013-11-01,2013,11,November,Q4,Year End / Q1,85.7,0.0257,0.00601,1.2474,0.2047,6.09,38.98,7.88,-31.1,40.1,244.0
2013-12-01,2013,12,December,Q4,Year End / Q1,85.4,0.015,-0.00272,1.2588,0.2072,6.08,38.69,8.54,-30.14,39.7,241.0
2014-01-01,2014,1,January,Q1,Year End / Q1,85.5,0.0142,0.00094,1.2725,0.2103,6.05,41.14,8.29,-32.85,39.3,238.0
2014-02-01,2014,2,February,Q1,Year End / Q1,85.5,0.0039,-0.0002,1.2667,0.2083,6.08,37.21,7.56,-29.66,39.5,240.0
2014-03-01,2014,3,March,Q1,Asia Dry Season,85.7,0.012,0.00228,1.2674,0.2053,6.17,43.81,8.29,-35.53,39.5,244.0
2014-04-01,2014,4,April,Q2,Asia Dry Season,85.4,0.023,-0.0035,1.2557,0.2018,6.22,42.8,8.86,-33.94,39.8,248.0
2014-05-01,2014,5,May,Q2,Asia Dry Season,85.7,0.0228,0.00287,1.2517,0.2007,6.24,41.83,8.04,-33.79,39.9,249.0
2014-06-01,2014,6,June,Q2,Monsoon Season,85.5,0.019,-0.00143,1.2514,0.2008,6.23,38.22,8.38,-29.84,40.0,249.0
2014-07-01,2014,7,July,Q3,Monsoon Season,85.3,0.0132,-0.00255,1.243,0.2005,6.2,40.81,8.69,-32.12,40.2,249.0
2014-08-01,2014,8,August,Q3,Monsoon Season,85.7,0.0104,0.00456,1.2485,0.2028,6.16,36.89,8.78,-28.1,40.0,247.0
2014-09-01,2014,9,September,Q3,Monsoon Season,85.6,0.0071,-0.00158,1.2628,0.2057,6.14,40.57,8.43,-32.14,39.6,243.0
2014-10-01,2014,10,October,Q4,Year End / Q1,85.3,0.0025,-0.00256,1.2738,0.208,6.12,41.16,8.6,-32.56,39.3,240.0
2014-11-01,2014,11,November,Q4,Year End / Q1,85.5,-0.0027,0.0016,1.2956,0.2115,6.13,35.76,7.58,-28.18,38.6,236.0
2014-12-01,2014,12,December,Q4,Year End / Q1,85.4,-0.0006,-0.00097,1.3155,0.2125,6.19,38.37,8.47,-29.9,38.0,235.0
2015-01-01,2015,1,January,Q1,Year End / Q1,85.2,-0.0039,-0.00184,1.3374,0.215,6.22,35.22,8.43,-26.79,37.4,233.0
2015-02-01,2015,2,February,Q1,Year End / Q1,85.3,-0.0027,0.00078,1.3544,0.2166,6.25,29.73,6.43,-23.31,36.9,231.0
2015-03-01,2015,3,March,Q1,Asia Dry Season,85.5,-0.003,0.00206,1.3771,0.2207,6.24,38.82,10.17,-28.65,36.3,227.0
2015-04-01,2015,4,April,Q2,Asia Dry Season,84.9,-0.0051,-0.00533,1.35,0.2177,6.2,36.97,8.86,-28.11,37.0,230.0
2015-05-01,2015,5,May,Q2,Asia Dry Season,85.3,-0.004,0.00387,1.3347,0.2151,6.21,33.57,7.84,-25.73,37.5,232.0
2015-06-01,2015,6,June,Q2,Monsoon Season,85.2,-0.0034,-0.00092,1.3457,0.2168,6.21,36.61,8.6,-28.02,37.2,231.0
2015-07-01,2015,7,July,Q3,Monsoon Season,84.9,-0.004,-0.00304,1.3608,0.2192,6.21,37.43,8.63,-28.81,36.7,228.0
2015-08-01,2015,8,August,Q3,Monsoon Season,85.0,-0.0083,0.00081,1.3999,0.2202,6.36,35.26,8.04,-27.22,35.7,227.0
2015-09-01,2015,9,September,Q3,Monsoon Season,85.0,-0.0065,1e-05,1.415,0.2222,6.37,35.28,8.99,-26.29,35.3,225.0
2015-10-01,2015,10,October,Q4,Year End / Q1,84.6,-0.0078,-0.00366,1.4019,0.2207,6.35,36.0,8.83,-27.16,35.7,227.0
2015-11-01,2015,11,November,Q4,Year End / Q1,84.8,-0.0076,0.0017,1.4125,0.2217,6.37,33.63,7.54,-26.09,35.4,226.0
2015-12-01,2015,12,December,Q4,Year End / Q1,84.8,-0.0064,7e-05,1.4085,0.2183,6.45,34.87,7.98,-26.88,35.5,229.0
2016-01-01,2016,1,January,Q1,Year End / Q1,84.6,-0.0065,-0.00186,1.4335,0.2181,6.57,30.38,8.19,-22.19,34.9,229.0
2016-02-01,2016,2,February,Q1,Year End / Q1,84.5,-0.0084,-0.00086,1.4063,0.2148,6.55,30.95,6.79,-24.16,35.6,233.0
2016-03-01,2016,3,March,Q1,Asia Dry Season,84.6,-0.0104,0.00035,1.3748,0.2113,6.51,33.66,7.83,-25.83,36.4,237.0
2016-04-01,2016,4,April,Q2,Asia Dry Season,84.5,-0.0047,-0.00043,1.3509,0.2085,6.48,32.24,8.31,-23.93,37.0,240.0
2016-05-01,2016,5,May,Q2,Asia Dry Season,84.0,-0.0156,-0.00551,1.3706,0.2099,6.53,32.92,7.54,-25.38,36.5,238.0
2016-06-01,2016,6,June,Q2,Monsoon Season,84.6,-0.0073,0.00624,1.3555,0.2056,6.59,34.07,8.38,-25.69,36.9,243.0
2016-07-01,2016,7,July,Q3,Monsoon Season,84.4,-0.0065,-0.00237,1.3508,0.2023,6.68,31.91,7.82,-24.09,37.0,247.0
2016-08-01,2016,8,August,Q3,Monsoon Season,84.8,-0.0025,0.00416,1.3474,0.2026,6.65,33.53,7.57,-25.95,37.1,247.0
2016-09-01,2016,9,September,Q3,Monsoon Season,84.8,-0.0025,8e-05,1.3592,0.2037,6.67,32.76,8.29,-24.47,36.8,245.0
2016-10-01,2016,10,October,Q4,Year End / Q1,84.6,-0.001,-0.00243,1.3836,0.2056,6.73,33.93,7.55,-26.38,36.1,243.0
2016-11-01,2016,11,November,Q4,Year End / Q1,84.8,0.0002,0.00271,1.4101,0.2061,6.84,37.48,8.24,-29.25,35.5,243.0
2016-12-01,2016,12,December,Q4,Year End / Q1,85.0,0.0017,0.00132,1.4358,0.2074,6.92,39.47,8.62,-30.85,34.8,241.0
2017-01-01,2017,1,January,Q1,Year End / Q1,85.1,0.0056,0.00148,1.4288,0.2072,6.9,36.73,8.34,-28.39,35.0,241.0
2017-02-01,2017,2,February,Q1,Year End / Q1,85.1,0.0066,-2e-05,1.415,0.2059,6.87,33.03,7.76,-25.27,35.3,243.0
2017-03-01,2017,3,March,Q1,Asia Dry Season,85.1,0.0066,0.00036,1.4057,0.2038,6.9,39.99,8.86,-31.13,35.6,245.0
2017-04-01,2017,4,April,Q2,Asia Dry Season,84.9,0.0041,-0.00259,1.398,0.2029,6.89,34.54,7.7,-26.84,35.8,246.0
2017-05-01,2017,5,May,Q2,Asia Dry Season,85.2,0.0141,0.00287,1.3946,0.2025,6.89,39.15,8.89,-30.26,35.9,247.0
2017-06-01,2017,6,June,Q2,Monsoon Season,85.0,0.0052,-0.00121,1.3837,0.2033,6.81,36.42,8.12,-28.29,36.1,246.0
2017-07-01,2017,7,July,Q3,Monsoon Season,84.8,0.0056,-0.00198,1.3717,0.2025,6.77,36.87,7.91,-28.97,36.5,247.0
2017-08-01,2017,8,August,Q3,Monsoon Season,85.1,0.004,0.00284,1.3607,0.2039,6.67,38.7,8.59,-30.11,36.7,245.0
2017-09-01,2017,9,September,Q3,Monsoon Season,85.1,0.0037,-0.00019,1.3497,0.2055,6.57,35.73,7.67,-28.06,37.0,243.0
2017-10-01,2017,10,October,Q4,Year End / Q1,84.9,0.0037,-0.00245,1.3604,0.2053,6.63,39.35,8.28,-31.06,36.8,244.0
2017-11-01,2017,11,November,Q4,Year End / Q1,85.4,0.0063,0.00493,1.3561,0.2048,6.62,41.48,8.73,-32.75,36.9,244.0
2017-12-01,2017,12,December,Q4,Year End / Q1,85.3,0.0038,-0.00084,1.3467,0.2042,6.6,40.1,8.55,-31.55,37.1,245.0
2018-01-01,2018,1,January,Q1,Year End / Q1,85.1,0.0001,-0.00164,1.322,0.2056,6.43,38.49,8.59,-29.9,37.8,243.0
2018-02-01,2018,2,February,Q1,Year End / Q1,85.5,0.0048,0.004,1.3198,0.2089,6.32,34.61,6.8,-27.81,37.9,239.0
2018-03-01,2018,3,March,Q1,Asia Dry Season,85.3,0.0024,-0.00173,1.3148,0.208,6.32,39.75,8.44,-31.31,38.0,240.0
2018-04-01,2018,4,April,Q2,Asia Dry Season,84.9,0.0007,-0.004,1.3149,0.2088,6.3,38.38,8.07,-30.32,38.0,239.0
2018-05-01,2018,5,May,Q2,Asia Dry Season,85.5,0.0035,0.00529,1.3387,0.2101,6.37,42.89,8.81,-34.08,37.3,238.0
2018-06-01,2018,6,June,Q2,Monsoon Season,85.5,0.0055,0.00048,1.3474,0.2084,6.47,41.05,8.08,-32.97,37.1,240.0
2018-07-01,2018,7,July,Q3,Monsoon Season,85.4,0.0064,-0.00124,1.3632,0.203,6.72,44.97,8.74,-36.24,36.7,246.0
2018-08-01,2018,8,August,Q3,Monsoon Season,85.7,0.0073,0.00359,1.3689,0.1998,6.85,43.8,9.01,-34.79,36.5,250.0
2018-09-01,2018,9,September,Q3,Monsoon Season,85.7,0.0073,-0.0002,1.3715,0.2001,6.85,41.44,8.2,-33.24,36.5,250.0
2018-10-01,2018,10,October,Q4,Year End / Q1,85.5,0.0071,-0.00264,1.3791,0.1993,6.92,47.13,9.42,-37.7,36.3,251.0
2018-11-01,2018,11,November,Q4,Year End / Q1,85.6,0.0029,0.00141,1.3755,0.1981,6.94,45.11,8.97,-36.14,36.4,252.0
2018-12-01,2018,12,December,Q4,Year End / Q1,85.7,0.0046,0.00064,1.3703,0.199,6.89,42.57,7.53,-35.03,36.5,251.0
2019-01-01,2019,1,January,Q1,Year End / Q1,85.4,0.0036,-0.00254,1.3564,0.1998,6.79,41.55,7.76,-33.79,36.9,250.0
2019-02-01,2019,2,February,Q1,Year End / Q1,85.9,0.0046,0.00485,1.3537,0.2009,6.74,36.07,6.67,-29.41,36.9,249.0
2019-03-01,2019,3,March,Q1,Asia Dry Season,85.9,0.0068,0.00016,1.354,0.2018,6.71,40.34,6.64,-33.7,36.9,248.0
2019-04-01,2019,4,April,Q2,Asia Dry Season,85.7,0.0093,-0.00187,1.3561,0.2019,6.72,41.29,6.75,-34.54,36.9,248.0
2019-05-01,2019,5,May,Q2,Asia Dry Season,86.2,0.0088,0.00491,1.3707,0.1999,6.86,42.64,8.09,-34.55,36.5,250.0
2019-06-01,2019,6,June,Q2,Monsoon Season,86.0,0.0054,-0.00247,1.363,0.1975,6.9,38.98,6.41,-32.57,36.7,253.0
2019-07-01,2019,7,July,Q3,Monsoon Season,85.6,0.0023,-0.00387,1.3606,0.1978,6.88,42.03,6.97,-35.06,36.7,253.0
2019-08-01,2019,8,August,Q3,Monsoon Season,86.1,0.0044,0.00536,1.385,0.1961,7.06,41.0,7.07,-33.92,36.1,255.0
2019-09-01,2019,9,September,Q3,Monsoon Season,86.1,0.004,-0.00054,1.3802,0.1939,7.12,39.45,6.7,-32.76,36.2,258.0
2019-10-01,2019,10,October,Q4,Year End / Q1,85.9,0.0049,-0.00186,1.3713,0.1932,7.1,42.28,7.51,-34.78,36.5,259.0
2019-11-01,2019,11,November,Q4,Year End / Q1,86.2,0.0065,0.00277,1.3616,0.1939,7.02,42.49,7.4,-35.09,36.7,258.0
2019-12-01,2019,12,December,Q4,Year End / Q1,86.3,0.0076,0.00165,1.3573,0.1935,7.01,41.58,6.98,-34.6,36.8,258.0
2020-01-01,2020,1,January,Q1,Year End / Q1,86.1,0.0083,-0.00204,1.3508,0.1952,6.92,41.18,6.89,-34.29,37.0,256.0
2020-02-01,2020,2,February,Q1,Year End / Q1,86.2,0.0033,0.00062,1.3897,0.1985,7.0,39.47,7.05,-32.42,36.0,252.0
2020-03-01,2020,3,March,Q1,Asia Dry Season,85.9,-0.0003,-0.00295,1.4165,0.2019,7.02,40.43,7.08,-33.36,35.3,248.0
2020-04-01,2020,4,April,Q2,Asia Dry Season,85.1,-0.0074,-0.0079,1.4245,0.2013,7.08,35.88,7.89,-27.99,35.1,248.0
2020-05-01,2020,5,May,Q2,Asia Dry Season,85.5,-0.0083,0.00404,1.418,0.1996,7.1,31.46,7.58,-23.88,35.3,251.0
2020-06-01,2020,6,June,Q2,Monsoon Season,85.5,-0.0053,0.00018,1.3941,0.1967,7.09,35.12,7.31,-27.81,35.9,254.0
2020-07-01,2020,7,July,Q3,Monsoon Season,85.2,-0.004,-0.00275,1.3883,0.198,7.01,37.84,6.9,-30.94,36.0,253.0
2020-08-01,2020,8,August,Q3,Monsoon Season,85.8,-0.0039,0.00542,1.3697,0.1977,6.93,36.47,7.21,-29.26,36.5,253.0
2020-09-01,2020,9,September,Q3,Monsoon Season,86.1,0.0,0.00286,1.3655,0.2005,6.81,38.8,6.91,-31.89,36.6,249.0
2020-10-01,2020,10,October,Q4,Year End / Q1,85.7,-0.002,-0.00364,1.3596,0.2021,6.73,38.17,7.65,-30.53,36.8,247.0
2020-11-01,2020,11,November,Q4,Year End / Q1,86.0,-0.0013,0.00338,1.3478,0.204,6.61,38.48,6.95,-31.52,37.1,245.0
2020-12-01,2020,12,December,Q4,Year End / Q1,86.4,0.0004,0.00311,1.3324,0.2037,6.54,40.15,7.18,-32.97,37.5,245.0
2021-01-01,2021,1,January,Q1,Year End / Q1,86.3,0.0025,-0.00024,1.3257,0.2049,6.47,39.03,7.62,-31.41,37.7,244.0
2021-02-01,2021,2,February,Q1,Year End / Q1,86.8,0.0075,0.00493,1.3274,0.2055,6.46,37.64,7.04,-30.61,37.7,243.0
2021-03-01,2021,3,March,Q1,Asia Dry Season,87.0,0.0132,0.00192,1.3423,0.2063,6.51,47.67,9.14,-38.53,37.2,242.0
2021-04-01,2021,4,April,Q2,Asia Dry Season,86.9,0.0209,-0.00144,1.3344,0.2046,6.52,45.17,8.06,-37.11,37.5,244.0
2021-05-01,2021,5,May,Q2,Asia Dry Season,87.6,0.0242,0.00699,1.3303,0.2068,6.43,41.56,8.1,-33.46,37.6,242.0
2021-06-01,2021,6,June,Q2,Monsoon Season,87.6,0.024,-5e-05,1.333,0.2075,6.42,45.04,8.88,-36.16,37.5,241.0
2021-07-01,2021,7,July,Q3,Monsoon Season,87.4,0.0253,-0.00171,1.3543,0.2092,6.47,46.11,8.68,-37.43,36.9,239.0
2021-08-01,2021,8,August,Q3,Monsoon Season,87.9,0.0244,0.00484,1.3552,0.2092,6.48,44.71,8.19,-36.52,36.9,239.0
2021-09-01,2021,9,September,Q3,Monsoon Season,88.2,0.0253,0.00366,1.3475,0.2087,6.46,45.98,8.15,-37.83,37.1,240.0
2021-10-01,2021,10,October,Q4,Year End / Q1,88.5,0.0326,0.00252,1.3511,0.2104,6.42,47.95,8.49,-39.46,37.0,238.0
2021-11-01,2021,11,November,Q4,Year End / Q1,89.4,0.0386,0.00869,1.3574,0.2124,6.39,50.67,8.9,-41.78,36.8,235.0
2021-12-01,2021,12,December,Q4,Year End / Q1,89.8,0.0396,0.00412,1.3632,0.2141,6.37,54.35,8.85,-45.49,36.7,234.0
2022-01-01,2022,1,January,Q1,Year End / Q1,89.8,0.0403,0.00029,1.3506,0.2125,6.36,50.03,8.99,-41.04,37.0,235.0
2022-02-01,2022,2,February,Q1,Year End / Q1,90.6,0.0433,0.0078,1.3467,0.2123,6.34,44.96,9.08,-35.88,37.1,236.0
2022-03-01,2022,3,March,Q1,Asia Dry Season,91.7,0.054,0.01125,1.3593,0.2142,6.35,58.08,9.93,-48.15,36.8,233.0
2022-04-01,2022,4,April,Q2,Asia Dry Season,91.6,0.0543,-0.00121,1.3656,0.2125,6.43,56.12,8.73,-47.39,36.6,235.0
2022-05-01,2022,5,May,Q2,Asia Dry Season,92.5,0.0563,0.00908,1.3814,0.2061,6.7,57.6,8.91,-48.7,36.2,243.0
2022-06-01,2022,6,June,Q2,Monsoon Season,93.4,0.0669,0.00921,1.3837,0.2067,6.69,59.65,9.4,-50.25,36.1,242.0
2022-07-01,2022,7,July,Q3,Monsoon Season,93.6,0.0705,0.0014,1.3949,0.2071,6.74,61.03,9.57,-51.46,35.8,241.0
2022-08-01,2022,8,August,Q3,Monsoon Season,94.4,0.0747,0.00882,1.3843,0.2035,6.8,58.47,9.86,-48.61,36.1,246.0
2022-09-01,2022,9,September,Q3,Monsoon Season,94.9,0.0749,0.00409,1.4136,0.2013,7.02,55.8,8.15,-47.65,35.4,248.0
2022-10-01,2022,10,October,Q4,Year End / Q1,94.5,0.0675,-0.00379,1.4245,0.1981,7.19,53.18,7.37,-45.82,35.1,252.0
2022-11-01,2022,11,November,Q4,Year End / Q1,95.4,0.0674,0.00921,1.3874,0.1932,7.18,50.65,7.6,-43.05,36.0,259.0
2022-12-01,2022,12,December,Q4,Year End / Q1,95.6,0.0647,0.00195,1.352,0.1937,6.98,49.87,7.44,-42.42,37.0,258.0
2023-01-01,2023,1,January,Q1,Year End / Q1,95.8,0.0664,0.00181,1.3258,0.1953,6.79,44.38,7.02,-37.36,37.7,256.0
2023-02-01,2023,2,February,Q1,Year End / Q1,96.3,0.0631,0.00536,1.3309,0.1947,6.84,42.75,6.55,-36.2,37.6,257.0
2023-03-01,2023,3,March,Q1,Asia Dry Season,96.8,0.0554,0.00484,1.3407,0.1944,6.9,51.59,10.15,-41.45,37.3,257.0
2023-04-01,2023,4,April,Q2,Asia Dry Season,96.9,0.0576,0.00077,1.3319,0.1934,6.89,44.97,8.54,-36.43,37.5,259.0
2023-05-01,2023,5,May,Q2,Asia Dry Season,97.2,0.0506,0.00312,1.3393,0.1916,6.99,45.56,7.03,-38.53,37.3,261.0
2023-06-01,2023,6,June,Q2,Monsoon Season,97.6,0.0452,0.00464,1.3461,0.1879,7.16,46.73,7.49,-39.24,37.1,266.0
2023-07-01,2023,7,July,Q3,Monsoon Season,97.4,0.0412,-0.00228,1.3346,0.1857,7.19,46.57,7.66,-38.91,37.5,269.0
2023-08-01,2023,8,August,Q3,Monsoon Season,98.3,0.0406,0.00861,1.3505,0.1862,7.25,49.26,7.18,-42.08,37.0,269.0
2023-09-01,2023,9,September,Q3,Monsoon Season,98.8,0.0413,0.00498,1.3638,0.1869,7.3,48.96,7.62,-41.34,36.7,268.0
2023-10-01,2023,10,October,Q4,Year End / Q1,99.0,0.0476,0.00198,1.369,0.1874,7.31,51.89,7.28,-44.61,36.5,267.0
2023-11-01,2023,11,November,Q4,Year End / Q1,98.8,0.0358,-0.00166,1.3482,0.1866,7.23,49.4,8.06,-41.34,37.1,268.0
2023-12-01,2023,12,December,Q4,Year End / Q1,99.2,0.0375,0.00369,1.3324,0.1865,7.14,45.25,7.25,-38.0,37.5,268.0
2024-01-01,2024,1,January,Q1,Year End / Q1,98.8,0.0311,-0.00425,1.3355,0.1862,7.17,49.25,7.43,-41.82,37.4,269.0
2024-02-01,2024,2,February,Q1,Year End / Q1,99.8,0.0358,0.01003,1.3445,0.1869,7.19,45.01,6.87,-38.14,37.2,268.0
2024-03-01,2024,3,March,Q1,Asia Dry Season,99.7,0.0302,-0.00043,1.3401,0.1861,7.2,51.34,6.74,-44.6,37.3,269.0
2024-04-01,2024,4,April,Q2,Asia Dry Season,99.4,0.0264,-0.00286,1.3569,0.1875,7.24,52.9,6.73,-46.17,36.8,267.0
2024-05-01,2024,5,May,Q2,Asia Dry Season,100.2,0.0312,0.00783,1.3512,0.1868,7.23,52.68,7.32,-45.36,37.0,268.0
2024-06-01,2024,6,June,Q2,Monsoon Season,100.1,0.0252,-0.00105,1.3516,0.1863,7.25,48.85,7.09,-41.76,37.0,268.0
2024-07-01,2024,7,July,Q3,Monsoon Season,99.8,0.0246,-0.00286,1.3469,0.1854,7.26,52.97,8.64,-44.32,37.1,270.0
2024-08-01,2024,8,August,Q3,Monsoon Season,100.4,0.0217,0.00596,1.3159,0.184,7.15,49.95,7.78,-42.17,38.0,272.0
2024-09-01,2024,9,September,Q3,Monsoon Season,100.6,0.0189,0.00231,1.2964,0.1832,7.08,49.07,7.22,-41.85,38.6,273.0
2024-10-01,2024,10,October,Q4,Year End / Q1,100.1,0.0116,-0.00526,1.309,0.1847,7.09,51.42,6.82,-44.59,38.2,271.0
2024-11-01,2024,11,November,Q4,Year End / Q1,100.4,0.016,0.00268,1.3365,0.1854,7.21,51.8,7.64,-44.16,37.4,270.0
2024-12-01,2024,12,December,Q4,Year End / Q1,100.7,0.015,0.00274,,,,56.14,7.26,-48.88,,
2025-01-01,2025,1,January,Q1,Year End / Q1,99.9,0.0117,-0.00753,,,,54.35,6.73,-47.61,,
2025-02-01,2025,2,February,Q1,Year End / Q1,100.7,0.0092,0.00769,,,,46.45,6.68,-39.77,,
2025-03-01,2025,3,March,Q1,Asia Dry Season,100.6,0.0089,-0.00078,,,,53.41,7.62,-45.79,,
2025-04-01,2025,4,April,Q2,Asia Dry Season,100.3,0.0086,-0.00316,,,,56.42,7.74,-48.67,,
2025-05-01,2025,5,May,Q2,Asia Dry Season,101.0,0.0077,0.00695,,,,52.26,7.53,-44.73,,
2025-06-01,2025,6,June,Q2,Monsoon Season,100.9,0.008,-0.00078,,,,48.48,7.24,-41.23,,
2025-07-01,2025,7,July,Q3,Monsoon Season,100.4,0.0063,-0.00453,,,,57.02,8.12,-48.9,,
2025-08-01,2025,8,August,Q3,Monsoon Season,101.0,0.0055,0.00516,,,,51.84,7.44,-44.4,,
2025-09-01,2025,9,September,Q3,Monsoon Season,101.3,0.0067,0.00357,,,,56.26,8.02,-48.24,,
2025-10-01,2025,10,October,Q4,Year End / Q1,101.3,0.0121,0.0001,,,,62.12,8.23,-53.89,,
2025-11-01,2025,11,November,Q4,Year End / Q1,101.6,0.0119,0.00249,,,,55.58,10.8,-44.79,,
2025-12-01,2025,12,December,Q4,Year End / Q1,101.9,0.0119,0.00275,,,,64.08,7.87,-56.21,,
2026-01-01,2026,1,January,Q1,Year End / Q1,101.3,0.0143,-0.00521,,,,63.36,8.46,-54.9,,
2026-02-01,2026,2,February,Q1,Year End / Q1,101.9,0.0123,0.00585,,,,54.15,8.47,-45.68,,
2026-03-01,2026,3,March,Q1,Asia Dry Season,102.4,0.018,0.00487,,,,,,,,
